INSERT INTO PARTNER_REPRESENTATIVE (ID, PARTNER_ID, NAME, PHONE) VALUES (101, 101, 'Иванов Иван Иванович', '234-45-67');
INSERT INTO PARTNER_REPRESENTATIVE (ID, PARTNER_ID, NAME, PHONE) VALUES (102, 102, 'Сидоров Сергей Григорьевич', '245-67-89');
INSERT INTO PARTNER_REPRESENTATIVE (ID, PARTNER_ID, NAME, PHONE) VALUES (104, 104, 'Петров Алексей Кузьмич', '289-11-34');
INSERT INTO PARTNER_REPRESENTATIVE (ID, PARTNER_ID, NAME, PHONE) VALUES (106, 106, 'Николаев Степан Иванович', '245-65-87');


INSERT INTO PRODUCT_CLASS (ID, PRODUCT_CLASS_GROUP_ID, PRODUCT_CLASS_TYPE_ID, CODE, NAME, NAME_EN, FULL_NAME, NOTE) VALUES (10911, NULL, 1, NULL, 'Покраска', NULL, NULL, NULL);
INSERT INTO PRODUCT_CLASS (ID, PRODUCT_CLASS_GROUP_ID, PRODUCT_CLASS_TYPE_ID, CODE, NAME, NAME_EN, FULL_NAME, NOTE) VALUES (10912, NULL, 1, NULL, 'Сборка', NULL, NULL, NULL);
INSERT INTO PRODUCT_CLASS (ID, PRODUCT_CLASS_GROUP_ID, PRODUCT_CLASS_TYPE_ID, CODE, NAME, NAME_EN, FULL_NAME, NOTE) VALUES (10913, NULL, 1, NULL, 'Перекраска', NULL, NULL, NULL);
INSERT INTO PRODUCT_CLASS (ID, PRODUCT_CLASS_GROUP_ID, PRODUCT_CLASS_TYPE_ID, CODE, NAME, NAME_EN, FULL_NAME, NOTE) VALUES (10914, NULL, 1, NULL, 'Рихтовка', NULL, NULL, NULL);
INSERT INTO PRODUCT_CLASS (ID, PRODUCT_CLASS_GROUP_ID, PRODUCT_CLASS_TYPE_ID, CODE, NAME, NAME_EN, FULL_NAME, NOTE) VALUES (10915, NULL, 1, NULL, 'Колинвал', NULL, NULL, NULL);
INSERT INTO PRODUCT_CLASS (ID, PRODUCT_CLASS_GROUP_ID, PRODUCT_CLASS_TYPE_ID, CODE, NAME, NAME_EN, FULL_NAME, NOTE) VALUES (10916, NULL, 1, NULL, 'Поршень', NULL, NULL, NULL);


INSERT INTO PRODUCT (ID, WARRANTY_PERIOD_UNIT_ID, LEDGER_ACCOUNT_ID, PRODUCT_CLASS_ID, SUPPLIER_ID, PRODUCT_GROUP_ID, CURRENCY_ID, WEIGHT_UNIT_ID, ORGANIZATION_ID, UNIT_ID, MANUFACTURER_ID, DIMENSION_UNIT_ID, CODE, START_DATE, END_DATE, NOTE, TAX_PERCENT, ADDPRICE_PERCENT, CURRENCY_RATE, MIN_QUANTITY, AVAILABLE_QUANTITY, RESERVED_QUANTITY, EXPECTED_QUANTITY, PRICE, WHOLESALE_PRICE, SMALL_WHOLESALE_PRICE, RETAIL_PRICE, CURRENCY_PRICE, CURRENCY_SMALL_WHOLESALE_PRICE, CURRENCY_WHOLESALE_PRICE, CURRENCY_RETAIL_PRICE, WARRANTY_PERIOD, BAR_CODE, DIM_LENGTH, DIM_WIDTH, DIM_HEIGHT, WEIGHT, IMAGE_FILE_NAME) VALUES (1002, NULL, NULL, 10911, NULL, 2, 1, NULL, 1, 1, NULL, NULL, '222', NULL, NULL, '', 0, 0, 0, 0, 0, 0, 0, 100, 0, 0, 0, 0, 0, 0, 0, 0, '', 0, 0, 0, 0, NULL);
INSERT INTO PRODUCT (ID, WARRANTY_PERIOD_UNIT_ID, LEDGER_ACCOUNT_ID, PRODUCT_CLASS_ID, SUPPLIER_ID, PRODUCT_GROUP_ID, CURRENCY_ID, WEIGHT_UNIT_ID, ORGANIZATION_ID, UNIT_ID, MANUFACTURER_ID, DIMENSION_UNIT_ID, CODE, START_DATE, END_DATE, NOTE, TAX_PERCENT, ADDPRICE_PERCENT, CURRENCY_RATE, MIN_QUANTITY, AVAILABLE_QUANTITY, RESERVED_QUANTITY, EXPECTED_QUANTITY, PRICE, WHOLESALE_PRICE, SMALL_WHOLESALE_PRICE, RETAIL_PRICE, CURRENCY_PRICE, CURRENCY_SMALL_WHOLESALE_PRICE, CURRENCY_WHOLESALE_PRICE, CURRENCY_RETAIL_PRICE, WARRANTY_PERIOD, BAR_CODE, DIM_LENGTH, DIM_WIDTH, DIM_HEIGHT, WEIGHT, IMAGE_FILE_NAME) VALUES (1008, NULL, NULL, 10912, NULL, 2, 1, NULL, 1, 1, NULL, NULL, '333', NULL, NULL, '', 0, 0, 0, 0, 0, 0, 0, 200, 0, 0, 0, 0, 0, 0, 0, 0, '', 0, 0, 0, 0, NULL);
INSERT INTO PRODUCT (ID, WARRANTY_PERIOD_UNIT_ID, LEDGER_ACCOUNT_ID, PRODUCT_CLASS_ID, SUPPLIER_ID, PRODUCT_GROUP_ID, CURRENCY_ID, WEIGHT_UNIT_ID, ORGANIZATION_ID, UNIT_ID, MANUFACTURER_ID, DIMENSION_UNIT_ID, CODE, START_DATE, END_DATE, NOTE, TAX_PERCENT, ADDPRICE_PERCENT, CURRENCY_RATE, MIN_QUANTITY, AVAILABLE_QUANTITY, RESERVED_QUANTITY, EXPECTED_QUANTITY, PRICE, WHOLESALE_PRICE, SMALL_WHOLESALE_PRICE, RETAIL_PRICE, CURRENCY_PRICE, CURRENCY_SMALL_WHOLESALE_PRICE, CURRENCY_WHOLESALE_PRICE, CURRENCY_RETAIL_PRICE, WARRANTY_PERIOD, BAR_CODE, DIM_LENGTH, DIM_WIDTH, DIM_HEIGHT, WEIGHT, IMAGE_FILE_NAME) VALUES (1009, NULL, NULL, 10913, NULL, 2, 1, NULL, 1, 1, NULL, NULL, '444', NULL, NULL, '', 0, 0, 0, 0, 0, 0, 0, 300, 0, 0, 0, 0, 0, 0, 0, 0, '', 0, 0, 0, 0, NULL);
INSERT INTO PRODUCT (ID, WARRANTY_PERIOD_UNIT_ID, LEDGER_ACCOUNT_ID, PRODUCT_CLASS_ID, SUPPLIER_ID, PRODUCT_GROUP_ID, CURRENCY_ID, WEIGHT_UNIT_ID, ORGANIZATION_ID, UNIT_ID, MANUFACTURER_ID, DIMENSION_UNIT_ID, CODE, START_DATE, END_DATE, NOTE, TAX_PERCENT, ADDPRICE_PERCENT, CURRENCY_RATE, MIN_QUANTITY, AVAILABLE_QUANTITY, RESERVED_QUANTITY, EXPECTED_QUANTITY, PRICE, WHOLESALE_PRICE, SMALL_WHOLESALE_PRICE, RETAIL_PRICE, CURRENCY_PRICE, CURRENCY_SMALL_WHOLESALE_PRICE, CURRENCY_WHOLESALE_PRICE, CURRENCY_RETAIL_PRICE, WARRANTY_PERIOD, BAR_CODE, DIM_LENGTH, DIM_WIDTH, DIM_HEIGHT, WEIGHT, IMAGE_FILE_NAME) VALUES (1010, NULL, NULL, 10914, NULL, 2, 1, NULL, 1, 1, NULL, NULL, '555', NULL, NULL, '', 0, 0, 0, 0, 0, 0, 0, 400, 0, 0, 0, 0, 0, 0, 0, 0, '', 0, 0, 0, 0, NULL);
INSERT INTO PRODUCT (ID, WARRANTY_PERIOD_UNIT_ID, LEDGER_ACCOUNT_ID, PRODUCT_CLASS_ID, SUPPLIER_ID, PRODUCT_GROUP_ID, CURRENCY_ID, WEIGHT_UNIT_ID, ORGANIZATION_ID, UNIT_ID, MANUFACTURER_ID, DIMENSION_UNIT_ID, CODE, START_DATE, END_DATE, NOTE, TAX_PERCENT, ADDPRICE_PERCENT, CURRENCY_RATE, MIN_QUANTITY, AVAILABLE_QUANTITY, RESERVED_QUANTITY, EXPECTED_QUANTITY, PRICE, WHOLESALE_PRICE, SMALL_WHOLESALE_PRICE, RETAIL_PRICE, CURRENCY_PRICE, CURRENCY_SMALL_WHOLESALE_PRICE, CURRENCY_WHOLESALE_PRICE, CURRENCY_RETAIL_PRICE, WARRANTY_PERIOD, BAR_CODE, DIM_LENGTH, DIM_WIDTH, DIM_HEIGHT, WEIGHT, IMAGE_FILE_NAME) VALUES (1011, NULL, NULL, 10915, NULL, 205, 1, NULL, 1, 1, NULL, NULL, '324', NULL, NULL, '', 0, 0, 0, 0, 0, 0, 0, 0, 0, 0, 0, 0, 0, 0, 0, 0, '', 0, 0, 0, 0, NULL);
INSERT INTO PRODUCT (ID, WARRANTY_PERIOD_UNIT_ID, LEDGER_ACCOUNT_ID, PRODUCT_CLASS_ID, SUPPLIER_ID, PRODUCT_GROUP_ID, CURRENCY_ID, WEIGHT_UNIT_ID, ORGANIZATION_ID, UNIT_ID, MANUFACTURER_ID, DIMENSION_UNIT_ID, CODE, START_DATE, END_DATE, NOTE, TAX_PERCENT, ADDPRICE_PERCENT, CURRENCY_RATE, MIN_QUANTITY, AVAILABLE_QUANTITY, RESERVED_QUANTITY, EXPECTED_QUANTITY, PRICE, WHOLESALE_PRICE, SMALL_WHOLESALE_PRICE, RETAIL_PRICE, CURRENCY_PRICE, CURRENCY_SMALL_WHOLESALE_PRICE, CURRENCY_WHOLESALE_PRICE, CURRENCY_RETAIL_PRICE, WARRANTY_PERIOD, BAR_CODE, DIM_LENGTH, DIM_WIDTH, DIM_HEIGHT, WEIGHT, IMAGE_FILE_NAME) VALUES (1012, NULL, NULL, 10916, NULL, 205, 1, NULL, 1, 1, NULL, NULL, '698', NULL, NULL, '', 0, 0, 0, 0, 0, 0, 0, 0, 0, 0, 0, 0, 0, 0, 0, 0, '', 0, 0, 0, 0, NULL);


INSERT INTO PRODUCT_UNIT (ID, PRODUCT_ID, UNIT_ID, RATE, BAR_CODE) VALUES (10, 1002, 1, 1, NULL);
INSERT INTO PRODUCT_UNIT (ID, PRODUCT_ID, UNIT_ID, RATE, BAR_CODE) VALUES (11, 1008, 1, 1, NULL);
INSERT INTO PRODUCT_UNIT (ID, PRODUCT_ID, UNIT_ID, RATE, BAR_CODE) VALUES (12, 1009, 1, 1, NULL);
INSERT INTO PRODUCT_UNIT (ID, PRODUCT_ID, UNIT_ID, RATE, BAR_CODE) VALUES (13, 1010, 1, 1, NULL);
INSERT INTO PRODUCT_UNIT (ID, PRODUCT_ID, UNIT_ID, RATE, BAR_CODE) VALUES (14, 1011, 1, 1, NULL);
INSERT INTO PRODUCT_UNIT (ID, PRODUCT_ID, UNIT_ID, RATE, BAR_CODE) VALUES (15, 1012, 1, 1, NULL);


INSERT INTO GOODS (ID, COUNTRY_ID, GOODS_TYPE_ID) VALUES (1002, NULL, 2);
INSERT INTO GOODS (ID, COUNTRY_ID, GOODS_TYPE_ID) VALUES (1008, NULL, 2);
INSERT INTO GOODS (ID, COUNTRY_ID, GOODS_TYPE_ID) VALUES (1009, NULL, 2);
INSERT INTO GOODS (ID, COUNTRY_ID, GOODS_TYPE_ID) VALUES (1010, NULL, 2);
INSERT INTO GOODS (ID, COUNTRY_ID, GOODS_TYPE_ID) VALUES (1011, NULL, 1);
INSERT INTO GOODS (ID, COUNTRY_ID, GOODS_TYPE_ID) VALUES (1012, NULL, 1);


/* BSS = 1002 NO CHANGE */
INSERT INTO BUSINESSABLE (ID, OWNER_ID, ENTITY_ID) VALUES (1002, 1002, 'GOODS');
INSERT INTO BUSINESSABLE (ID, OWNER_ID, ENTITY_ID) VALUES (1008, 1008, 'GOODS');
INSERT INTO BUSINESSABLE (ID, OWNER_ID, ENTITY_ID) VALUES (1009, 1009, 'GOODS');
INSERT INTO BUSINESSABLE (ID, OWNER_ID, ENTITY_ID) VALUES (1010, 1010, 'GOODS');
INSERT INTO BUSINESSABLE (ID, OWNER_ID, ENTITY_ID) VALUES (1011, 1011, 'GOODS');
INSERT INTO BUSINESSABLE (ID, OWNER_ID, ENTITY_ID) VALUES (1012, 1012, 'GOODS');




INSERT INTO CAR_SERV (ID) VALUES (1002);
INSERT INTO CAR_SERV (ID) VALUES (1008);
INSERT INTO CAR_SERV (ID) VALUES (1009);
INSERT INTO CAR_SERV (ID) VALUES (1010);

INSERT INTO CAR_PART (ID) VALUES (1011);
INSERT INTO CAR_PART (ID) VALUES (1012);



INSERT INTO CAR_CLASS (ID, CODE, NAME) VALUES (1, 'A', 'A Класс');
INSERT INTO CAR_CLASS (ID, CODE, NAME) VALUES (2, 'B', 'B Класс');
INSERT INTO CAR_CLASS (ID, CODE, NAME) VALUES (3, 'C', 'C Класс');
INSERT INTO CAR_CLASS (ID, CODE, NAME) VALUES (4, 'D', 'D Класс');

INSERT INTO CAR_MARK (ID, NAME) VALUES (1, 'BMW');
INSERT INTO CAR_MARK (ID, NAME) VALUES (2, 'Opel');
INSERT INTO CAR_MARK (ID, NAME) VALUES (3, 'Audi');
INSERT INTO CAR_MARK (ID, NAME) VALUES (4, 'KIA');
INSERT INTO CAR_MARK (ID, NAME) VALUES (5, 'Hyudai');
INSERT INTO CAR_MARK (ID, NAME) VALUES (6, 'Volkswagen');


INSERT INTO CAR_MODEL (ID, CAR_MARK_ID, CAR_MANUFACTURER_ID, NAME) VALUES (1, 4, NULL, 'KIA Sportage');
INSERT INTO CAR_MODEL (ID, CAR_MARK_ID, CAR_MANUFACTURER_ID, NAME) VALUES (2, 5, NULL, 'Hyundai Tucson');
INSERT INTO CAR_MODEL (ID, CAR_MARK_ID, CAR_MANUFACTURER_ID, NAME) VALUES (3, 2, NULL, 'Opel Astra Classic');
INSERT INTO CAR_MODEL (ID, CAR_MARK_ID, CAR_MANUFACTURER_ID, NAME) VALUES (4, 2, NULL, 'Opel Corsa');
INSERT INTO CAR_MODEL (ID, CAR_MARK_ID, CAR_MANUFACTURER_ID, NAME) VALUES (5, 2, NULL, 'Opel Omega');
INSERT INTO CAR_MODEL (ID, CAR_MARK_ID, CAR_MANUFACTURER_ID, NAME) VALUES (6, 6, NULL, 'Volkswagen Polo');
INSERT INTO CAR_MODEL (ID, CAR_MARK_ID, CAR_MANUFACTURER_ID, NAME) VALUES (7, 6, NULL, 'Volkswagen Golf');
INSERT INTO CAR_MODEL (ID, CAR_MARK_ID, CAR_MANUFACTURER_ID, NAME) VALUES (8, 4, NULL, 'KIA Ceed');
INSERT INTO CAR_MODEL (ID, CAR_MARK_ID, CAR_MANUFACTURER_ID, NAME) VALUES (9, 5, NULL, 'Hyundai Accent');

INSERT INTO CAR (ID, CAR_MARK_ID, CAR_MODEL_ID, PARTNER_ID, REG_NUMBER, CHASSIS_NUMBER, ENGINE_VOLUME, MANUFACTURE_YEAR) VALUES (1, 4, 1, 101, '1111-22', '222', 2000, 2005);
INSERT INTO CAR (ID, CAR_MARK_ID, CAR_MODEL_ID, PARTNER_ID, REG_NUMBER, CHASSIS_NUMBER, ENGINE_VOLUME, MANUFACTURE_YEAR) VALUES (2, 2, 3, 102, '2222-33', '333', 1400, 2007);
INSERT INTO CAR (ID, CAR_MARK_ID, CAR_MODEL_ID, PARTNER_ID, REG_NUMBER, CHASSIS_NUMBER, ENGINE_VOLUME, MANUFACTURE_YEAR) VALUES (3, 6, 6, 104, '3333-44', '444', 1400, 2007);
INSERT INTO CAR (ID, CAR_MARK_ID, CAR_MODEL_ID, PARTNER_ID, REG_NUMBER, CHASSIS_NUMBER, ENGINE_VOLUME, MANUFACTURE_YEAR) VALUES (4, 5, 2, 106, '4444-55', '555', 2500, 2006);
 
INSERT INTO CAR_SERV_COMPLEXITY (ID, NAME) VALUES (1, '1 степень');
INSERT INTO CAR_SERV_COMPLEXITY (ID, NAME) VALUES (2, '2 степень');
INSERT INTO CAR_SERV_COMPLEXITY (ID, NAME) VALUES (3, '3 степень');
INSERT INTO CAR_SERV_COMPLEXITY (ID, NAME) VALUES (4, '4 степень');
INSERT INTO CAR_SERV_COMPLEXITY (ID, NAME) VALUES (5, '5 степень');
 
INSERT INTO CAR_PAINT_TYPE (ID, NAME) VALUES (1, 'Акрил');
INSERT INTO CAR_PAINT_TYPE (ID, NAME) VALUES (2, 'Металлик');
INSERT INTO CAR_PAINT_TYPE (ID, NAME) VALUES (3, 'Перламутр');
 
INSERT INTO CAR_AGE (ID, SECTION, AGE_FROM, AGE_TO, NAME) VALUES (1, 1, 0, 4, '0-4');
INSERT INTO CAR_AGE (ID, SECTION, AGE_FROM, AGE_TO, NAME) VALUES (2, 1, 4, 10, '4-10');
INSERT INTO CAR_AGE (ID, SECTION, AGE_FROM, AGE_TO, NAME) VALUES (3, 1, 10, 0, 'от 10 (1)');
INSERT INTO CAR_AGE (ID, SECTION, AGE_FROM, AGE_TO, NAME) VALUES (4, 2, 6, 10, '6-10');
INSERT INTO CAR_AGE (ID, SECTION, AGE_FROM, AGE_TO, NAME) VALUES (5, 2, 10, 0, 'от 10 (2)');

/*
INSERT INTO CAR_INSURER_PAINT_TYPE (ID, INSURER_ID, CAR_CLASS_ID, CAR_PAINT_TYPE_ID, VOLUME, PRICE) VALUES (1, 102, 1, 1, 23, 1100);
INSERT INTO CAR_INSURER_PAINT_TYPE (ID, INSURER_ID, CAR_CLASS_ID, CAR_PAINT_TYPE_ID, VOLUME, PRICE) VALUES (2, 102, 1, 2, 14, 1200);
INSERT INTO CAR_INSURER_PAINT_TYPE (ID, INSURER_ID, CAR_CLASS_ID, CAR_PAINT_TYPE_ID, VOLUME, PRICE) VALUES (3, 103, 1, 2, 45, 560);
 
INSERT INTO CAR_INSURER_PRICE (ID, CAR_AGE_ID, INSURER_ID, PRICE) VALUES (1, 1, 102, 1000);
INSERT INTO CAR_INSURER_PRICE (ID, CAR_AGE_ID, INSURER_ID, PRICE) VALUES (2, 1, 103, 1200);
INSERT INTO CAR_INSURER_PRICE (ID, CAR_AGE_ID, INSURER_ID, PRICE) VALUES (3, 2, 102, 800);
INSERT INTO CAR_INSURER_PRICE (ID, CAR_AGE_ID, INSURER_ID, PRICE) VALUES (4, 2, 103, 950);
*/ 