
/* BSS = 2 FIRST PERSON */
UPDATE CONTACT SET CONTACT_TYPE_ID = 1, LAST_NAME = 'Иванов', FIRST_NAME = 'Андрей', MIDDLE_NAME = 'Петрович', NAME = 'Иванов Андрей Петрович' WHERE ID = 2;
INSERT INTO PERSON (ID, CODE) VALUES (2, '001');
INSERT INTO BUSINESSABLE (ID, OWNER_ID, ENTITY_ID) VALUES (2, 2, 'PERSON');

/* BSS = 3 FIRST EMPLOYEE */
INSERT INTO EMPLOYEE (ID, CODE, ORGANIZATION_ID, PERSON_ID) VALUES (3, '001', 1, 2);
INSERT INTO BUSINESSABLE (ID, OWNER_ID, ENTITY_ID) VALUES (3, 3, 'EMPLOYEE');
INSERT INTO CONTACTABLE (ID, OWNER_ID, ENTITY_ID) VALUES (3, 3, 'EMPLOYEE');

INSERT INTO CONTRACTOR (ID) VALUES (3);



/* BSS = 100 */

INSERT INTO PARTNER (ID, CODE, NAME, PARTNER_GROUP_ID, INDUSTRY_ID) VALUES (100, '001', 'Торнадо', 2, 3);
INSERT INTO PARTNER (ID, CODE, NAME, PARTNER_GROUP_ID, INDUSTRY_ID) VALUES (101, '002', 'Клеопатра', 2, 8);
INSERT INTO PARTNER (ID, CODE, NAME, PARTNER_GROUP_ID, INDUSTRY_ID) VALUES (102, '003', 'Аква', 2, 7);
INSERT INTO PARTNER (ID, CODE, NAME, PARTNER_GROUP_ID, INDUSTRY_ID) VALUES (103, '004', 'Буревесник', 3, 9);
INSERT INTO PARTNER (ID, CODE, NAME, PARTNER_GROUP_ID, INDUSTRY_ID) VALUES (104, '005', 'Интегратор', 1, 7);
INSERT INTO PARTNER (ID, CODE, NAME, PARTNER_GROUP_ID, INDUSTRY_ID) VALUES (105, '006', 'Сатурн', 1, 8);
INSERT INTO PARTNER (ID, CODE, NAME, PARTNER_GROUP_ID, INDUSTRY_ID) VALUES (106, '007', 'Сигнал', 2, NULL);
INSERT INTO PARTNER (ID, CODE, NAME, PARTNER_GROUP_ID, INDUSTRY_ID) VALUES (107, '008', 'Альфа', 2, NULL);
INSERT INTO PARTNER (ID, CODE, NAME, PARTNER_GROUP_ID, INDUSTRY_ID) VALUES (108, '009', 'Тайфун', 1, NULL);

INSERT INTO PARTNER (ID, CODE, NAME, PARTNER_GROUP_ID, INDUSTRY_ID, DESCRIMINATOR) VALUES (110, '010', 'Банк Альфа', NULL, NULL, 'BANK');
INSERT INTO PARTNER (ID, CODE, NAME, PARTNER_GROUP_ID, INDUSTRY_ID, DESCRIMINATOR) VALUES (111, '011', 'Банк Бета', NULL, NULL, 'BANK');
INSERT INTO PARTNER (ID, CODE, NAME, PARTNER_GROUP_ID, INDUSTRY_ID, DESCRIMINATOR) VALUES (112, '012', 'Банк Гамма', NULL, NULL, 'BANK');

INSERT INTO BANK (ID, STOPPED_PERCENT) VALUES (110, 0.0);
INSERT INTO BANK (ID, STOPPED_PERCENT) VALUES (111, 0.0);
INSERT INTO BANK (ID, STOPPED_PERCENT) VALUES (112, 0.0);

INSERT INTO BANK_ACCOUNT (ID, BANK_ID, PARTNER_ID, NAME, ACCOUNT_NO) VALUES (1, 110, 1, 'Основной', '260010020111');
INSERT INTO BANK_ACCOUNT (ID, BANK_ID, PARTNER_ID, NAME, ACCOUNT_NO) VALUES (2, 111, 100, 'Основной', '260010020001');
INSERT INTO BANK_ACCOUNT (ID, BANK_ID, PARTNER_ID, NAME, ACCOUNT_NO) VALUES (3, 112, 101, 'Основной', '260010020002');
INSERT INTO BANK_ACCOUNT (ID, BANK_ID, PARTNER_ID, NAME, ACCOUNT_NO) VALUES (4, 112, 102, 'Основной', '260010020003');
INSERT INTO BANK_ACCOUNT (ID, BANK_ID, PARTNER_ID, NAME, ACCOUNT_NO) VALUES (5, 110, 103, 'Основной', '260010020004');
INSERT INTO BANK_ACCOUNT (ID, BANK_ID, PARTNER_ID, NAME, ACCOUNT_NO) VALUES (6, 111, 104, 'Основной', '260010020005');
INSERT INTO BANK_ACCOUNT (ID, BANK_ID, PARTNER_ID, NAME, ACCOUNT_NO) VALUES (7, 112, 105, 'Основной', '260010020006');
INSERT INTO BANK_ACCOUNT (ID, BANK_ID, PARTNER_ID, NAME, ACCOUNT_NO) VALUES (8, 110, 106, 'Основной', '260010020007');
INSERT INTO BANK_ACCOUNT (ID, BANK_ID, PARTNER_ID, NAME, ACCOUNT_NO) VALUES (9, 112, 107, 'Основной', '260010020008');
INSERT INTO BANK_ACCOUNT (ID, BANK_ID, PARTNER_ID, NAME, ACCOUNT_NO) VALUES (10, 110, 108, 'Основной', '260010020009');

/* BSS = 100 NO CHANGE */
INSERT INTO BUSINESSABLE (ID, OWNER_ID, ENTITY_ID) VALUES (100, 100, 'PARTNER');
INSERT INTO BUSINESSABLE (ID, OWNER_ID, ENTITY_ID) VALUES (101, 101, 'PARTNER');
INSERT INTO BUSINESSABLE (ID, OWNER_ID, ENTITY_ID) VALUES (102, 102, 'PARTNER');
INSERT INTO BUSINESSABLE (ID, OWNER_ID, ENTITY_ID) VALUES (103, 103, 'PARTNER');
INSERT INTO BUSINESSABLE (ID, OWNER_ID, ENTITY_ID) VALUES (104, 104, 'PARTNER');
INSERT INTO BUSINESSABLE (ID, OWNER_ID, ENTITY_ID) VALUES (105, 105, 'PARTNER');
INSERT INTO BUSINESSABLE (ID, OWNER_ID, ENTITY_ID) VALUES (106, 106, 'PARTNER');
INSERT INTO BUSINESSABLE (ID, OWNER_ID, ENTITY_ID) VALUES (107, 107, 'PARTNER');
INSERT INTO BUSINESSABLE (ID, OWNER_ID, ENTITY_ID) VALUES (108, 108, 'PARTNER');

INSERT INTO BUSINESSABLE (ID, OWNER_ID, ENTITY_ID) VALUES (110, 110, 'BANK');
INSERT INTO BUSINESSABLE (ID, OWNER_ID, ENTITY_ID) VALUES (111, 111, 'BANK');
INSERT INTO BUSINESSABLE (ID, OWNER_ID, ENTITY_ID) VALUES (112, 112, 'BANK');



/* BSS = 100 NO CHANGE */
INSERT INTO CONTACTABLE (ID, OWNER_ID, ENTITY_ID) VALUES (100, 100, 'PARTNER');
INSERT INTO CONTACTABLE (ID, OWNER_ID, ENTITY_ID) VALUES (101, 101, 'PARTNER');
INSERT INTO CONTACTABLE (ID, OWNER_ID, ENTITY_ID) VALUES (102, 102, 'PARTNER');
INSERT INTO CONTACTABLE (ID, OWNER_ID, ENTITY_ID) VALUES (103, 103, 'PARTNER');
INSERT INTO CONTACTABLE (ID, OWNER_ID, ENTITY_ID) VALUES (104, 104, 'PARTNER');
INSERT INTO CONTACTABLE (ID, OWNER_ID, ENTITY_ID) VALUES (105, 105, 'PARTNER');
INSERT INTO CONTACTABLE (ID, OWNER_ID, ENTITY_ID) VALUES (106, 106, 'PARTNER');
INSERT INTO CONTACTABLE (ID, OWNER_ID, ENTITY_ID) VALUES (107, 107, 'PARTNER');
INSERT INTO CONTACTABLE (ID, OWNER_ID, ENTITY_ID) VALUES (108, 108, 'PARTNER');

INSERT INTO CONTACTABLE (ID, OWNER_ID, ENTITY_ID) VALUES (110, 110, 'BANK');
INSERT INTO CONTACTABLE (ID, OWNER_ID, ENTITY_ID) VALUES (111, 111, 'BANK');
INSERT INTO CONTACTABLE (ID, OWNER_ID, ENTITY_ID) VALUES (112, 112, 'BANK');


/* BSS = 100 NO CHANGE */
INSERT INTO CONTRACTOR (ID) VALUES (100);
INSERT INTO CONTRACTOR (ID) VALUES (101);
INSERT INTO CONTRACTOR (ID) VALUES (102);
INSERT INTO CONTRACTOR (ID) VALUES (103);
INSERT INTO CONTRACTOR (ID) VALUES (104);
INSERT INTO CONTRACTOR (ID) VALUES (105);
INSERT INTO CONTRACTOR (ID) VALUES (106);
INSERT INTO CONTRACTOR (ID) VALUES (107);
INSERT INTO CONTRACTOR (ID) VALUES (108);


/* NEW */
INSERT INTO ADDRESS (ID, ADDRESS_TYPE_ID, CONTACTABLE_ID, APARTMENT_TYPE_ID, CITY_ID, STREET_TYPE_ID, FULL_ADDRESS_STRING, ADDRESS_STRING, STREET, HOUSE_NUM, APART_NUM) VALUES (1, 4, 1, 2, 1, 1, 'г. Москва, ул. Ленина 45, офис. 452', 'ул. Ленина 45, офис. 452', 'Ленина', '45', '452');
INSERT INTO ADDRESS (ID, ADDRESS_TYPE_ID, CONTACTABLE_ID, APARTMENT_TYPE_ID, CITY_ID, STREET_TYPE_ID, FULL_ADDRESS_STRING, ADDRESS_STRING, STREET, HOUSE_NUM, APART_NUM) VALUES (2, 4, 100, 2, 1, 1, 'г. Москва, ул. Авиамоторная 138, офис. 15', 'ул. Авиамоторная 138, офис. 15', 'Авиамоторная', '138', '15');
INSERT INTO ADDRESS (ID, ADDRESS_TYPE_ID, CONTACTABLE_ID, APARTMENT_TYPE_ID, CITY_ID, STREET_TYPE_ID, FULL_ADDRESS_STRING, ADDRESS_STRING, STREET, HOUSE_NUM, APART_NUM) VALUES (3, 4, 101, 2, 2, 1, 'г. Санкт-Петербург, ул. Коминтерна 207, офис. 78', 'ул. Коминтерна 207, офис. 78', 'Коминтерна', '207', '78');
INSERT INTO ADDRESS (ID, ADDRESS_TYPE_ID, CONTACTABLE_ID, APARTMENT_TYPE_ID, CITY_ID, STREET_TYPE_ID, FULL_ADDRESS_STRING, ADDRESS_STRING, STREET, HOUSE_NUM, APART_NUM) VALUES (4, 4, 102, 2, 3, 3, 'г. Самара, бульв. Ленина 15, офис. 77', 'бульв. Ленина 15, офис. 77', 'Ленина', '15', '77');
INSERT INTO ADDRESS (ID, ADDRESS_TYPE_ID, CONTACTABLE_ID, APARTMENT_TYPE_ID, CITY_ID, STREET_TYPE_ID, FULL_ADDRESS_STRING, ADDRESS_STRING, STREET, HOUSE_NUM, APART_NUM) VALUES (5, 4, 103, 2, 4, 1, 'г. Тюмень, ул. Полярная 96, офис. 54', 'ул. Полярная 96, офис. 54', 'Полярная', '96', '54');
INSERT INTO ADDRESS (ID, ADDRESS_TYPE_ID, CONTACTABLE_ID, APARTMENT_TYPE_ID, CITY_ID, STREET_TYPE_ID, FULL_ADDRESS_STRING, ADDRESS_STRING, STREET, HOUSE_NUM, APART_NUM) VALUES (6, 4, 104, 2, 5, 3, 'г. Киев, бульв. Тараса Шевченко 89, офис. 100', 'бульв. Тараса Шевченко 89, офис. 100', 'Тараса Шевченко', '89', '100');
INSERT INTO ADDRESS (ID, ADDRESS_TYPE_ID, CONTACTABLE_ID, APARTMENT_TYPE_ID, CITY_ID, STREET_TYPE_ID, FULL_ADDRESS_STRING, ADDRESS_STRING, STREET, HOUSE_NUM, APART_NUM) VALUES (7, 4, 105, 2, 6, 1, 'г. Харьков, ул. Машиностроительная 204, офис. 17', 'ул. Машиностроительная 204, офис. 17', 'Машиностроительная', '204', '17');
INSERT INTO ADDRESS (ID, ADDRESS_TYPE_ID, CONTACTABLE_ID, APARTMENT_TYPE_ID, CITY_ID, STREET_TYPE_ID, FULL_ADDRESS_STRING, ADDRESS_STRING, STREET, HOUSE_NUM, APART_NUM) VALUES (8, 4, 106, 2, 6, 1, 'г. Харьков, ул. Петровского 85, офис. 93', 'ул. Петровского 85, офис. 93', 'Петровского', '85', '93');
INSERT INTO ADDRESS (ID, ADDRESS_TYPE_ID, CONTACTABLE_ID, APARTMENT_TYPE_ID, CITY_ID, STREET_TYPE_ID, FULL_ADDRESS_STRING, ADDRESS_STRING, STREET, HOUSE_NUM, APART_NUM) VALUES (9, 4, 107, 2, 8, 1, 'г. Минск, ул. Беловежская 52, офис. 256', 'ул. Беловежская 52, офис. 256', 'Беловежская', '52', '256');
INSERT INTO ADDRESS (ID, ADDRESS_TYPE_ID, CONTACTABLE_ID, APARTMENT_TYPE_ID, CITY_ID, STREET_TYPE_ID, FULL_ADDRESS_STRING, ADDRESS_STRING, STREET, HOUSE_NUM, APART_NUM) VALUES (10, 4, 108, 2, 7, 1, 'г. Днепропетровск, ул. Гагарина 39, офис. 11', 'ул. Гагарина 39, офис. 11', 'Гагарина', '39', '11');

UPDATE ADDRESS SET LOCALITY_ADDRESS_STRING = ADDRESS_STRING;

UPDATE CONTACTABLE SET ADDRESS_ID = 1  WHERE ID = 1;
UPDATE CONTACTABLE SET ADDRESS_ID = 2  WHERE ID = 100;
UPDATE CONTACTABLE SET ADDRESS_ID = 3  WHERE ID = 101;
UPDATE CONTACTABLE SET ADDRESS_ID = 4  WHERE ID = 102;
UPDATE CONTACTABLE SET ADDRESS_ID = 5  WHERE ID = 103;
UPDATE CONTACTABLE SET ADDRESS_ID = 6  WHERE ID = 104;
UPDATE CONTACTABLE SET ADDRESS_ID = 7  WHERE ID = 105;
UPDATE CONTACTABLE SET ADDRESS_ID = 8  WHERE ID = 106;
UPDATE CONTACTABLE SET ADDRESS_ID = 9  WHERE ID = 107;
UPDATE CONTACTABLE SET ADDRESS_ID = 10 WHERE ID = 108;


/* NEW */
INSERT INTO PHONE (ID, PHONE_TYPE_ID, CONTACTABLE_ID, PHONE_CODE, PHONE_NUMBER, PHONE_STRING) VALUES (1, 16, 1, '', '234-89-56', '234-89-56');
INSERT INTO PHONE (ID, PHONE_TYPE_ID, CONTACTABLE_ID, PHONE_CODE, PHONE_NUMBER, PHONE_STRING) VALUES (2, 16, 1, '', '563-89-56', '563-89-56');
INSERT INTO PHONE (ID, PHONE_TYPE_ID, CONTACTABLE_ID, PHONE_CODE, PHONE_NUMBER, PHONE_STRING) VALUES (3, 16, 100, '', '879-45-63', '879-45-63');
INSERT INTO PHONE (ID, PHONE_TYPE_ID, CONTACTABLE_ID, PHONE_CODE, PHONE_NUMBER, PHONE_STRING) VALUES (4, 16, 101, '', '896-56-23', '896-56-23');
INSERT INTO PHONE (ID, PHONE_TYPE_ID, CONTACTABLE_ID, PHONE_CODE, PHONE_NUMBER, PHONE_STRING) VALUES (5, 16, 102, '', '263-44-89', '263-44-89');
INSERT INTO PHONE (ID, PHONE_TYPE_ID, CONTACTABLE_ID, PHONE_CODE, PHONE_NUMBER, PHONE_STRING) VALUES (6, 16, 103, '', '339-89-52', '339-89-52');
INSERT INTO PHONE (ID, PHONE_TYPE_ID, CONTACTABLE_ID, PHONE_CODE, PHONE_NUMBER, PHONE_STRING) VALUES (7, 16, 104, '', '423-96-56', '423-96-56');
INSERT INTO PHONE (ID, PHONE_TYPE_ID, CONTACTABLE_ID, PHONE_CODE, PHONE_NUMBER, PHONE_STRING) VALUES (8, 16, 105, '', '112-91-62', '112-91-62');
INSERT INTO PHONE (ID, PHONE_TYPE_ID, CONTACTABLE_ID, PHONE_CODE, PHONE_NUMBER, PHONE_STRING) VALUES (9, 16, 106, '', '256-36-85', '256-36-85');
INSERT INTO PHONE (ID, PHONE_TYPE_ID, CONTACTABLE_ID, PHONE_CODE, PHONE_NUMBER, PHONE_STRING) VALUES (10, 16, 107, '', '452-63-56', '452-63-56');
INSERT INTO PHONE (ID, PHONE_TYPE_ID, CONTACTABLE_ID, PHONE_CODE, PHONE_NUMBER, PHONE_STRING) VALUES (11, 16, 108, '', '245-31-65', '245-31-65');

UPDATE CONTACTABLE SET PHONE_ID = 1  WHERE ID = 1;
UPDATE CONTACTABLE SET PHONE_ID = 3  WHERE ID = 100;
UPDATE CONTACTABLE SET PHONE_ID = 4  WHERE ID = 101;
UPDATE CONTACTABLE SET PHONE_ID = 5  WHERE ID = 102;
UPDATE CONTACTABLE SET PHONE_ID = 6  WHERE ID = 103;
UPDATE CONTACTABLE SET PHONE_ID = 7  WHERE ID = 104;
UPDATE CONTACTABLE SET PHONE_ID = 8  WHERE ID = 105;
UPDATE CONTACTABLE SET PHONE_ID = 9  WHERE ID = 106;
UPDATE CONTACTABLE SET PHONE_ID = 10 WHERE ID = 107;
UPDATE CONTACTABLE SET PHONE_ID = 11 WHERE ID = 108;


/* NEW */
INSERT INTO EMAIL (ID, CONTACTABLE_ID, EMAIL_ADDRESS) VALUES (1, 1, 'office@mycorp.com');
INSERT INTO EMAIL (ID, CONTACTABLE_ID, EMAIL_ADDRESS) VALUES (2, 101, 'info@kleo.com');
INSERT INTO EMAIL (ID, CONTACTABLE_ID, EMAIL_ADDRESS) VALUES (3, 103, 'office@bvest.com');
INSERT INTO EMAIL (ID, CONTACTABLE_ID, EMAIL_ADDRESS) VALUES (4, 108, 'tayfun@yahoo.com');
INSERT INTO EMAIL (ID, CONTACTABLE_ID, EMAIL_ADDRESS) VALUES (5, 107, 'alfa@mail.ru');

UPDATE CONTACTABLE SET EMAIL_ID = 1  WHERE ID = 1;
UPDATE CONTACTABLE SET EMAIL_ID = 2  WHERE ID = 101;
UPDATE CONTACTABLE SET EMAIL_ID = 3  WHERE ID = 103;
UPDATE CONTACTABLE SET EMAIL_ID = 4  WHERE ID = 108;
UPDATE CONTACTABLE SET EMAIL_ID = 5  WHERE ID = 107;


/* NEW */
INSERT INTO WEB (ID, CONTACTABLE_ID, URL) VALUES (1, 1, 'www.mycorp.com');
INSERT INTO WEB (ID, CONTACTABLE_ID, URL) VALUES (2, 101, 'www.kleo.com');
INSERT INTO WEB (ID, CONTACTABLE_ID, URL) VALUES (3, 103, 'www.bvest.com');

UPDATE CONTACTABLE SET WEB_ID = 1  WHERE ID = 1;
UPDATE CONTACTABLE SET WEB_ID = 2  WHERE ID = 101;
UPDATE CONTACTABLE SET WEB_ID = 3  WHERE ID = 103;

INSERT INTO ORGANIZATION (ID) VALUES (100);
INSERT INTO ORGANIZATION (ID) VALUES (101);

/* BSS = 150 FIRST DEPARTMENT */
INSERT INTO DEPARTMENT (ID, ORGANIZATION_ID, CODE, NAME) VALUES (150, 1,   '001', 'АУП');
INSERT INTO DEPARTMENT (ID, ORGANIZATION_ID, CODE, NAME) VALUES (151, 1,   '002', 'Бухгалтерия');
INSERT INTO DEPARTMENT (ID, ORGANIZATION_ID, CODE, NAME) VALUES (152, 1,   '003', 'ИТ');
INSERT INTO DEPARTMENT (ID, ORGANIZATION_ID, CODE, NAME) VALUES (153, 100, '004', 'Отдел продаж');
INSERT INTO DEPARTMENT (ID, ORGANIZATION_ID, CODE, NAME) VALUES (154, 100, '005', 'Охрана');

UPDATE EMPLOYEE SET DEPARTMENT_ID = 150 WHERE ID = 3;

INSERT INTO BUSINESSABLE (ID, OWNER_ID, ENTITY_ID) VALUES (150, 150, 'DEPARTMENT');
INSERT INTO BUSINESSABLE (ID, OWNER_ID, ENTITY_ID) VALUES (151, 151, 'DEPARTMENT');
INSERT INTO BUSINESSABLE (ID, OWNER_ID, ENTITY_ID) VALUES (152, 152, 'DEPARTMENT');
INSERT INTO BUSINESSABLE (ID, OWNER_ID, ENTITY_ID) VALUES (153, 153, 'DEPARTMENT');
INSERT INTO BUSINESSABLE (ID, OWNER_ID, ENTITY_ID) VALUES (154, 154, 'DEPARTMENT');

INSERT INTO WAREHOUSE (ID) VALUES (150);
INSERT INTO WAREHOUSE (ID) VALUES (151);
INSERT INTO WAREHOUSE (ID) VALUES (152);
INSERT INTO WAREHOUSE (ID) VALUES (153);
INSERT INTO WAREHOUSE (ID) VALUES (154);


/* BBS = 200 RESERVED */

INSERT INTO STORE (ID, ORGANIZATION_ID, CODE, NAME) VALUES (200, 1,   '001', 'Основной склад');
INSERT INTO STORE (ID, ORGANIZATION_ID, CODE, NAME) VALUES (201, 1,   '002', 'Розничный склад');
INSERT INTO STORE (ID, ORGANIZATION_ID, CODE, NAME) VALUES (202, 1,   '003', 'Оптовый склад');

INSERT INTO BUSINESSABLE (ID, OWNER_ID, ENTITY_ID) VALUES (200, 200, 'STORE');
INSERT INTO BUSINESSABLE (ID, OWNER_ID, ENTITY_ID) VALUES (201, 201, 'STORE');
INSERT INTO BUSINESSABLE (ID, OWNER_ID, ENTITY_ID) VALUES (202, 202, 'STORE');

INSERT INTO WAREHOUSE (ID) VALUES (200);
INSERT INTO WAREHOUSE (ID) VALUES (201);
INSERT INTO WAREHOUSE (ID) VALUES (202);


/* BBS = 250 RESERVED */

INSERT INTO CONTACT (ID, ORGANIZATION_ID, CONTACT_TYPE_ID, LAST_NAME, FIRST_NAME, MIDDLE_NAME, NAME, GENDER) VALUES (300, 1, 1, 'Петров', 'Юрий', 'Викторович', 'Петров Юрий Викторович', 1);
INSERT INTO CONTACT (ID, ORGANIZATION_ID, CONTACT_TYPE_ID, LAST_NAME, FIRST_NAME, MIDDLE_NAME, NAME, GENDER) VALUES (301, 1, 1, 'Сидоров', 'Артём', 'Фёдорович', 'Сидоров Артём Фёдорович', 1);
INSERT INTO CONTACT (ID, ORGANIZATION_ID, CONTACT_TYPE_ID, LAST_NAME, FIRST_NAME, MIDDLE_NAME, NAME, GENDER) VALUES (302, 100, 1, 'Григоренко', 'Марина', 'Алексеевна', 'Григоренко Марина Алексеевна', 2);
INSERT INTO CONTACT (ID, ORGANIZATION_ID, CONTACT_TYPE_ID, LAST_NAME, FIRST_NAME, MIDDLE_NAME, NAME, GENDER) VALUES (303, 100, 1, 'Левченко', 'Оксана', 'Александровна', 'Левченко Оксана Александровна', 2);
INSERT INTO CONTACT (ID, ORGANIZATION_ID, CONTACT_TYPE_ID, LAST_NAME, FIRST_NAME, MIDDLE_NAME, NAME, GENDER) VALUES (304, 100, 1, 'Павленко', 'Сергей', 'Андреевич', 'Павленко Сергей Андреевич', 1);


/* BSS = 300 */
INSERT INTO PERSON (ID, CODE) VALUES (300, '002');
INSERT INTO PERSON (ID, CODE) VALUES (301, '003');
INSERT INTO PERSON (ID, CODE) VALUES (302, '004');
INSERT INTO PERSON (ID, CODE) VALUES (303, '005');
INSERT INTO PERSON (ID, CODE) VALUES (304, '006');


/* BSS = 300 NO CHANGE */
INSERT INTO CONTACTABLE (ID, OWNER_ID, ENTITY_ID) VALUES (300, 300, 'PERSON');
INSERT INTO CONTACTABLE (ID, OWNER_ID, ENTITY_ID) VALUES (301, 301, 'PERSON');
INSERT INTO CONTACTABLE (ID, OWNER_ID, ENTITY_ID) VALUES (302, 302, 'PERSON');
INSERT INTO CONTACTABLE (ID, OWNER_ID, ENTITY_ID) VALUES (303, 303, 'PERSON');
INSERT INTO CONTACTABLE (ID, OWNER_ID, ENTITY_ID) VALUES (304, 304, 'PERSON');



/* INSERT INTO ADDRESS (ID, ADDRESS_TYPE_ID, CONTACTABLE_ID, ADDRESS_STRING) VALUES (1, 1, 300, 'Адрес 1'); */
/* INSERT INTO ADDRESS (ID, ADDRESS_TYPE_ID, CONTACTABLE_ID, ADDRESS_STRING) VALUES (2, 2, 300, 'Адрес 2'); */


/* INSERT INTO PHONE (ID, PHONE_TYPE_ID, CONTACTABLE_ID, PHONE_NUMBER) VALUES (1, 1, 300, '238-78-96'); */
/* INSERT INTO PHONE (ID, PHONE_TYPE_ID, CONTACTABLE_ID, PHONE_NUMBER) VALUES (2, 2, 300, '752-56-96'); */



/* BSS = 350 */
INSERT INTO EMPLOYEE (ID, CODE, PERSON_ID, ORGANIZATION_ID, DEPARTMENT_ID) VALUES (350, '002', 300, 1,   150);
INSERT INTO EMPLOYEE (ID, CODE, PERSON_ID, ORGANIZATION_ID, DEPARTMENT_ID) VALUES (351, '003', 301, 1,   150);
INSERT INTO EMPLOYEE (ID, CODE, PERSON_ID, ORGANIZATION_ID, DEPARTMENT_ID) VALUES (352, '004', 302, 100, 151);
INSERT INTO EMPLOYEE (ID, CODE, PERSON_ID, ORGANIZATION_ID, DEPARTMENT_ID) VALUES (353, '005', 303, 100, 152);
INSERT INTO EMPLOYEE (ID, CODE, PERSON_ID, ORGANIZATION_ID, DEPARTMENT_ID) VALUES (354, '006', 304, 100, 152);

/* BSS = 350 NO CHANGE */
INSERT INTO BUSINESSABLE (ID, OWNER_ID, ENTITY_ID) VALUES (350, 350, 'EMPLOYEE');
INSERT INTO BUSINESSABLE (ID, OWNER_ID, ENTITY_ID) VALUES (351, 351, 'EMPLOYEE');
INSERT INTO BUSINESSABLE (ID, OWNER_ID, ENTITY_ID) VALUES (352, 352, 'EMPLOYEE');
INSERT INTO BUSINESSABLE (ID, OWNER_ID, ENTITY_ID) VALUES (353, 353, 'EMPLOYEE');
INSERT INTO BUSINESSABLE (ID, OWNER_ID, ENTITY_ID) VALUES (354, 354, 'EMPLOYEE');

/* BSS = 350 NO CHANGE */
INSERT INTO CONTACTABLE (ID, OWNER_ID, ENTITY_ID) VALUES (350, 350, 'EMPLOYEE');
INSERT INTO CONTACTABLE (ID, OWNER_ID, ENTITY_ID) VALUES (351, 351, 'EMPLOYEE');
INSERT INTO CONTACTABLE (ID, OWNER_ID, ENTITY_ID) VALUES (352, 352, 'EMPLOYEE');
INSERT INTO CONTACTABLE (ID, OWNER_ID, ENTITY_ID) VALUES (353, 353, 'EMPLOYEE');
INSERT INTO CONTACTABLE (ID, OWNER_ID, ENTITY_ID) VALUES (354, 354, 'EMPLOYEE');

/* BSS = 350 NO CHANGE */
INSERT INTO CONTRACTOR (ID) VALUES (350);
INSERT INTO CONTRACTOR (ID) VALUES (351);
INSERT INTO CONTRACTOR (ID) VALUES (352);
INSERT INTO CONTRACTOR (ID) VALUES (353);
INSERT INTO CONTRACTOR (ID) VALUES (354);




/* BSS = 400 */
INSERT INTO PRODUCT (ID, NAME, ORGANIZATION_ID, UNIT_ID, CODE, CURRENCY_ID, CURRENCY_PRICE, PRICE, CURRENCY_LIST_PRICE, LIST_PRICE, TAX_PERCENT, ADDPRICE_PERCENT, MIN_QUANTITY, CURRENCY_RATE, PRODUCT_GROUP_ID) VALUES (400, 'PANASONIC SL-VP48',  1, 1, '0102', 1, 587.0,  587.0,  600.0,  600.0, 0, 0, 0, 1, 104);
INSERT INTO PRODUCT (ID, NAME, ORGANIZATION_ID, UNIT_ID, CODE, CURRENCY_ID, CURRENCY_PRICE, PRICE, CURRENCY_LIST_PRICE, LIST_PRICE, TAX_PERCENT, ADDPRICE_PERCENT, MIN_QUANTITY, CURRENCY_RATE, PRODUCT_GROUP_ID) VALUES (401, 'SAMSUNG SVR-S820',  1, 1, '0208', 1, 1140.0, 1140.0, 1200.0, 1200.0, 0, 0, 0, 1, 105);
INSERT INTO PRODUCT (ID, NAME, ORGANIZATION_ID, UNIT_ID, CODE, CURRENCY_ID, CURRENCY_PRICE, PRICE, CURRENCY_LIST_PRICE, LIST_PRICE, TAX_PERCENT, ADDPRICE_PERCENT, MIN_QUANTITY, CURRENCY_RATE, PRODUCT_GROUP_ID) VALUES (402, 'CANON XL-1S',  1, 1, '0350', 1, 700.0,  700.0,  750.0,  750.0, 0, 0, 0, 1, 107);
INSERT INTO PRODUCT (ID, NAME, ORGANIZATION_ID, UNIT_ID, CODE, CURRENCY_ID, CURRENCY_PRICE, PRICE, CURRENCY_LIST_PRICE, LIST_PRICE, TAX_PERCENT, ADDPRICE_PERCENT, MIN_QUANTITY, CURRENCY_RATE, PRODUCT_GROUP_ID) VALUES (403, 'CANON XM-1',  1, 1, '0351', 1, 900.0,  900.0,  950.0,  950.0, 0, 0, 0, 1, 107);
INSERT INTO PRODUCT (ID, NAME, ORGANIZATION_ID, UNIT_ID, CODE, CURRENCY_ID, CURRENCY_PRICE, PRICE, CURRENCY_LIST_PRICE, LIST_PRICE, TAX_PERCENT, ADDPRICE_PERCENT, MIN_QUANTITY, CURRENCY_RATE, PRODUCT_GROUP_ID) VALUES (404, 'SONY Notebook VAIO PCG-R505JS',  1, 1, '0611', 1, 5000.0, 5000.0, 5500.0, 5500.0, 0, 0, 0, 1, 113);
INSERT INTO PRODUCT (ID, NAME, ORGANIZATION_ID, UNIT_ID, CODE, CURRENCY_ID, CURRENCY_PRICE, PRICE, CURRENCY_LIST_PRICE, LIST_PRICE, TAX_PERCENT, ADDPRICE_PERCENT, MIN_QUANTITY, CURRENCY_RATE, PRODUCT_GROUP_ID) VALUES (405, 'PSION Series 5 MX',  1, 1, '0735', 1, 452.0,  452.0,  500.0,  500.0, 0, 0, 0, 1, 112);
INSERT INTO PRODUCT (ID, NAME, ORGANIZATION_ID, UNIT_ID, CODE, CURRENCY_ID, CURRENCY_PRICE, PRICE, CURRENCY_LIST_PRICE, LIST_PRICE, TAX_PERCENT, ADDPRICE_PERCENT, MIN_QUANTITY, CURRENCY_RATE, PRODUCT_GROUP_ID) VALUES (406, 'ECTACO Language Teacher Gold Partner v6',  1, 1, '0800', 1, 800.0,  800.0,  850.0,  850.0, 0, 0, 0, 1, 114);
INSERT INTO PRODUCT (ID, NAME, ORGANIZATION_ID, UNIT_ID, CODE, CURRENCY_ID, CURRENCY_PRICE, PRICE, CURRENCY_LIST_PRICE, LIST_PRICE, TAX_PERCENT, ADDPRICE_PERCENT, MIN_QUANTITY, CURRENCY_RATE, PRODUCT_GROUP_ID) VALUES (407, 'ECTACO Language Teacher EFR630T',  1, 1, '0803', 1, 742.0,  742.0,  800.0,  800.0, 0, 0, 0, 1, 114);
INSERT INTO PRODUCT (ID, NAME, ORGANIZATION_ID, UNIT_ID, CODE, CURRENCY_ID, CURRENCY_PRICE, PRICE, CURRENCY_LIST_PRICE, LIST_PRICE, TAX_PERCENT, ADDPRICE_PERCENT, MIN_QUANTITY, CURRENCY_RATE, PRODUCT_GROUP_ID) VALUES (408, 'ECTACO Language Teacher DR-600T', 1, 1, '2104', 1, 900.0,  900.0,  950.0,  950.0, 0, 0, 0, 1, 111);


/* FIXED PRICE: ONLY FOR RU */
UPDATE PRODUCT SET PRICE = PRICE + PRICE * 0.2;

/* BSS = 400 NO CHANGE */
INSERT INTO GOODS (ID, GOODS_TYPE_ID, IS_INVENTORY) VALUES (400, 1, 'Y');
INSERT INTO GOODS (ID, GOODS_TYPE_ID, IS_INVENTORY) VALUES (401, 1, 'Y');
INSERT INTO GOODS (ID, GOODS_TYPE_ID, IS_INVENTORY) VALUES (402, 1, 'Y');
INSERT INTO GOODS (ID, GOODS_TYPE_ID, IS_INVENTORY) VALUES (403, 1, 'Y');
INSERT INTO GOODS (ID, GOODS_TYPE_ID, IS_INVENTORY) VALUES (404, 1, 'Y');
INSERT INTO GOODS (ID, GOODS_TYPE_ID, IS_INVENTORY) VALUES (405, 1, 'Y');
INSERT INTO GOODS (ID, GOODS_TYPE_ID, IS_INVENTORY) VALUES (406, 1, 'Y');
INSERT INTO GOODS (ID, GOODS_TYPE_ID, IS_INVENTORY) VALUES (407, 1, 'Y');
INSERT INTO GOODS (ID, GOODS_TYPE_ID, IS_INVENTORY) VALUES (408, 1, 'Y');

/* BSS = 400 NO CHANGE */
INSERT INTO BUSINESSABLE (ID, OWNER_ID, ENTITY_ID) VALUES (400, 400, 'GOODS');
INSERT INTO BUSINESSABLE (ID, OWNER_ID, ENTITY_ID) VALUES (401, 401, 'GOODS');
INSERT INTO BUSINESSABLE (ID, OWNER_ID, ENTITY_ID) VALUES (402, 402, 'GOODS');
INSERT INTO BUSINESSABLE (ID, OWNER_ID, ENTITY_ID) VALUES (403, 403, 'GOODS');
INSERT INTO BUSINESSABLE (ID, OWNER_ID, ENTITY_ID) VALUES (404, 404, 'GOODS');
INSERT INTO BUSINESSABLE (ID, OWNER_ID, ENTITY_ID) VALUES (405, 405, 'GOODS');
INSERT INTO BUSINESSABLE (ID, OWNER_ID, ENTITY_ID) VALUES (406, 406, 'GOODS');
INSERT INTO BUSINESSABLE (ID, OWNER_ID, ENTITY_ID) VALUES (407, 407, 'GOODS');
INSERT INTO BUSINESSABLE (ID, OWNER_ID, ENTITY_ID) VALUES (408, 408, 'GOODS');

/* BSS = 400 NO CHANGE */
INSERT INTO PRODUCT_UNIT (ID, PRODUCT_ID, UNIT_ID, RATE) VALUES (1, 400, 1, 1.0);
INSERT INTO PRODUCT_UNIT (ID, PRODUCT_ID, UNIT_ID, RATE) VALUES (2, 401, 1, 1.0);
INSERT INTO PRODUCT_UNIT (ID, PRODUCT_ID, UNIT_ID, RATE) VALUES (3, 402, 1, 1.0);
INSERT INTO PRODUCT_UNIT (ID, PRODUCT_ID, UNIT_ID, RATE) VALUES (4, 403, 1, 1.0);
INSERT INTO PRODUCT_UNIT (ID, PRODUCT_ID, UNIT_ID, RATE) VALUES (5, 404, 1, 1.0);
INSERT INTO PRODUCT_UNIT (ID, PRODUCT_ID, UNIT_ID, RATE) VALUES (6, 405, 1, 1.0);
INSERT INTO PRODUCT_UNIT (ID, PRODUCT_ID, UNIT_ID, RATE) VALUES (7, 406, 1, 1.0);
INSERT INTO PRODUCT_UNIT (ID, PRODUCT_ID, UNIT_ID, RATE) VALUES (8, 407, 1, 1.0);
INSERT INTO PRODUCT_UNIT (ID, PRODUCT_ID, UNIT_ID, RATE) VALUES (9, 408, 1, 1.0);



/* BSS = 600 */
INSERT INTO MTRL_RESPONSIBLE (ID, CONTACT_ID, WAREHOUSE_ID, ORGANIZATION_ID) VALUES (600, 300, 200, 1);
INSERT INTO MTRL_RESPONSIBLE (ID, CONTACT_ID, WAREHOUSE_ID, ORGANIZATION_ID) VALUES (601, 301, 201, 1);

/* BSS = 600 NO CHANGE */
INSERT INTO BUSINESSABLE (ID, OWNER_ID, ENTITY_ID) VALUES (600, 600, 'MTRL_RESPONSIBLE');
INSERT INTO BUSINESSABLE (ID, OWNER_ID, ENTITY_ID) VALUES (601, 601, 'MTRL_RESPONSIBLE');

/* BSS = 700-800 PROJECT-TASK */

/* PARTNER REST */
INSERT INTO PARTNER_REST (ID, PERIOD_ID, ORGANIZATION_ID, PARTNER_ID, CURRENCY_ID, REST_DATE, DEBIT_AMOUNT, CREDIT_AMOUNT, CURRENCY_DEBIT, CURRENCY_CREDIT) VALUES (1, 1, 1, 100, 1, NULL, 1000, 0, 1000, 0);
INSERT INTO PARTNER_REST (ID, PERIOD_ID, ORGANIZATION_ID, PARTNER_ID, CURRENCY_ID, REST_DATE, DEBIT_AMOUNT, CREDIT_AMOUNT, CURRENCY_DEBIT, CURRENCY_CREDIT) VALUES (2, 1, 1, 101, 1, NULL, 5200, 0, 52000, 0);
INSERT INTO PARTNER_REST (ID, PERIOD_ID, ORGANIZATION_ID, PARTNER_ID, CURRENCY_ID, REST_DATE, DEBIT_AMOUNT, CREDIT_AMOUNT, CURRENCY_DEBIT, CURRENCY_CREDIT) VALUES (3, 1, 1, 102, 1, NULL, 0, 1500, 0, 1500);
INSERT INTO PARTNER_REST (ID, PERIOD_ID, ORGANIZATION_ID, PARTNER_ID, CURRENCY_ID, REST_DATE, DEBIT_AMOUNT, CREDIT_AMOUNT, CURRENCY_DEBIT, CURRENCY_CREDIT) VALUES (4, 1, 1, 105, 1, NULL, 2500, 0, 2500, 0);
INSERT INTO PARTNER_REST (ID, PERIOD_ID, ORGANIZATION_ID, PARTNER_ID, CURRENCY_ID, REST_DATE, DEBIT_AMOUNT, CREDIT_AMOUNT, CURRENCY_DEBIT, CURRENCY_CREDIT) VALUES (5, 1, 1, 106, 1, NULL, 0, 4300, 0, 4300);
INSERT INTO PARTNER_REST (ID, PERIOD_ID, ORGANIZATION_ID, PARTNER_ID, CURRENCY_ID, REST_DATE, DEBIT_AMOUNT, CREDIT_AMOUNT, CURRENCY_DEBIT, CURRENCY_CREDIT) VALUES (6, 1, 1, 107, 1, NULL, 0, 8120, 0, 8120);

UPDATE ENTERPRISE_CONTEXT SET WAREHOUSE_ID = 200;
